{
  "id": "MAP_SAFARI_ZONE_NORTH",
  "name": "SafariZone_North",
  "layout": "LAYOUT_SAFARI_ZONE_NORTH",
  "music": "MUS_EVOLUTION",
  "region_map_section": "MAPSEC_KANTO_SAFARI_ZONE",
  "requires_flash": false,
  "weather": "WEATHER_NONE",
  "map_type": "MAP_TYPE_ROUTE",
  "allow_cycling": true,
  "allow_escaping": false,
  "allow_running": true,
  "show_map_name": true,
  "floor_number": 0,
  "battle_scene": "MAP_BATTLE_SCENE_NORMAL",
  "connections": null,
  "object_events": [
    {
      "type": "object",
      "graphics_id": "OBJ_EVENT_GFX_ITEM_BALL",
      "x": 33,
      "y": 5,
      "elevation": 3,
      "movement_type": "MOVEMENT_TYPE_FACE_DOWN",
      "movement_range_x": 1,
      "movement_range_y": 1,
      "trainer_type": "TRAINER_TYPE_NONE",
      "trainer_sight_or_berry_tree_id": "0",
      "script": "SafariZone_North_EventScript_ItemProtein",
      "flag": "FLAG_HIDE_SAFARI_ZONE_NORTH_PROTEIN"
    },
    {
      "type": "object",
      "graphics_id": "OBJ_EVENT_GFX_ITEM_BALL",
      "x": 28,
      "y": 9,
      "elevation": 3,
      "movement_type": "MOVEMENT_TYPE_FACE_DOWN",
      "movement_range_x": 1,
      "movement_range_y": 1,
      "trainer_type": "TRAINER_TYPE_NONE",
      "trainer_sight_or_berry_tree_id": "0",
      "script": "SafariZone_North_EventScript_ItemTM47",
      "flag": "FLAG_HIDE_SAFARI_ZONE_NORTH_TM47"
    },
    {
      "type": "object",
      "graphics_id": "OBJ_EVENT_GFX_ITEM_BALL",
      "x": 29,
      "y": 17,
      "elevation": 3,
      "movement_type": "MOVEMENT_TYPE_FACE_DOWN",
      "movement_range_x": 1,
      "movement_range_y": 1,
      "trainer_type": "TRAINER_TYPE_NONE",
      "trainer_sight_or_berry_tree_id": "0",
      "script": "SafariZone_North_EventScript_ItemQuickClaw",
      "flag": "FLAG_HIDE_SAFARI_ZONE_NORTH_QUICK_CLAW"
    }
  ],
  "warp_events": [
    {
      "x": 10,
      "y": 34,
      "elevation": 3,
      "dest_map": "MAP_SAFARI_ZONE_WEST",
      "dest_warp_id": "0"
    },
    {
      "x": 11,
      "y": 34,
      "elevation": 3,
      "dest_map": "MAP_SAFARI_ZONE_WEST",
      "dest_warp_id": "1"
    },
    {
      "x": 12,
      "y": 34,
      "elevation": 0,
      "dest_map": "MAP_SAFARI_ZONE_WEST",
      "dest_warp_id": "2"
    },
    {
      "x": 20,
      "y": 34,
      "elevation": 3,
      "dest_map": "MAP_SAFARI_ZONE_WEST",
      "dest_warp_id": "3"
    },
    {
      "x": 21,
      "y": 34,
      "elevation": 3,
      "dest_map": "MAP_SAFARI_ZONE_WEST",
      "dest_warp_id": "4"
    },
    {
      "x": 22,
      "y": 34,
      "elevation": 0,
      "dest_map": "MAP_SAFARI_ZONE_WEST",
      "dest_warp_id": "5"
    },
    {
      "x": 48,
      "y": 31,
      "elevation": 3,
      "dest_map": "MAP_SAFARI_ZONE_EAST",
      "dest_warp_id": "0"
    },
    {
      "x": 48,
      "y": 32,
      "elevation": 3,
      "dest_map": "MAP_SAFARI_ZONE_EAST",
      "dest_warp_id": "1"
    },
    {
      "x": 48,
      "y": 33,
      "elevation": 0,
      "dest_map": "MAP_SAFARI_ZONE_EAST",
      "dest_warp_id": "2"
    },
    {
      "x": 30,
      "y": 34,
      "elevation": 3,
      "dest_map": "MAP_SAFARI_ZONE_CENTER",
      "dest_warp_id": "3"
    },
    {
      "x": 31,
      "y": 34,
      "elevation": 3,
      "dest_map": "MAP_SAFARI_ZONE_CENTER",
      "dest_warp_id": "4"
    },
    {
      "x": 32,
      "y": 34,
      "elevation": 0,
      "dest_map": "MAP_SAFARI_ZONE_CENTER",
      "dest_warp_id": "5"
    },
    {
      "x": 43,
      "y": 8,
      "elevation": 0,
      "dest_map": "MAP_SAFARI_ZONE_NORTH_REST_HOUSE",
      "dest_warp_id": "1"
    }
  ],
  "coord_events": [],
  "bg_events": [
    {
      "type": "sign",
      "x": 13,
      "y": 27,
      "elevation": 0,
      "player_facing_dir": "BG_EVENT_PLAYER_FACING_ANY",
      "script": "SafariZone_North_EventScript_TrainerTips1"
    },
    {
      "type": "sign",
      "x": 23,
      "y": 31,
      "elevation": 0,
      "player_facing_dir": "BG_EVENT_PLAYER_FACING_ANY",
      "script": "SafariZone_North_EventScript_AreaSign"
    },
    {
      "type": "sign",
      "x": 29,
      "y": 32,
      "elevation": 0,
      "player_facing_dir": "BG_EVENT_PLAYER_FACING_ANY",
      "script": "SafariZone_North_EventScript_TrainerTips2"
    },
    {
      "type": "sign",
      "x": 34,
      "y": 28,
      "elevation": 0,
      "player_facing_dir": "BG_EVENT_PLAYER_FACING_ANY",
      "script": "SafariZone_North_EventScript_TrainerTips3"
    },
    {
      "type": "sign",
      "x": 44,
      "y": 9,
      "elevation": 0,
      "player_facing_dir": "BG_EVENT_PLAYER_FACING_ANY",
      "script": "SafariZone_North_EventScript_RestHouseSign"
    }
  ]
}
