{
  "id": "MAP_BATTLE_COLOSSEUM_4P",
  "name": "BattleColosseum_4P",
  "layout": "LAYOUT_BATTLE_COLOSSEUM_4P",
  "music": "MUS_POKE_CENTER",
  "region_map_section": "MAPSEC_SPECIAL_AREA",
  "requires_flash": false,
  "weather": "WEATHER_NONE",
  "map_type": "MAP_TYPE_INDOOR",
  "allow_cycling": false,
  "allow_escaping": false,
  "allow_running": false,
  "show_map_name": false,
  "floor_number": 0,
  "battle_scene": "MAP_BATTLE_SCENE_LINK",
  "connections": null,
  "object_events": [],
  "warp_events": [
    {
      "x": 5,
      "y": 8,
      "elevation": 3,
      "dest_map": "MAP_DYNAMIC",
      "dest_warp_id": "WARP_ID_DYNAMIC"
    },
    {
      "x": 6,
      "y": 8,
      "elevation": 3,
      "dest_map": "MAP_DYNAMIC",
      "dest_warp_id": "WARP_ID_DYNAMIC"
    },
    {
      "x": 7,
      "y": 8,
      "elevation": 3,
      "dest_map": "MAP_DYNAMIC",
      "dest_warp_id": "WARP_ID_DYNAMIC"
    },
    {
      "x": 8,
      "y": 8,
      "elevation": 3,
      "dest_map": "MAP_DYNAMIC",
      "dest_warp_id": "WARP_ID_DYNAMIC"
    }
  ],
  "coord_events": [
    {
      "type": "trigger",
      "x": 3,
      "y": 4,
      "elevation": 3,
      "var": "VAR_TEMP_0",
      "var_value": "0",
      "script": "BattleColosseum_4P_EventScript_PlayerSpot0"
    },
    {
      "type": "trigger",
      "x": 3,
      "y": 6,
      "elevation": 3,
      "var": "VAR_TEMP_0",
      "var_value": "0",
      "script": "BattleColosseum_4P_EventScript_PlayerSpot2"
    },
    {
      "type": "trigger",
      "x": 10,
      "y": 4,
      "elevation": 3,
      "var": "VAR_TEMP_0",
      "var_value": "0",
      "script": "BattleColosseum_4P_EventScript_PlayerSpot1"
    },
    {
      "type": "trigger",
      "x": 10,
      "y": 6,
      "elevation": 3,
      "var": "VAR_TEMP_0",
      "var_value": "0",
      "script": "BattleColosseum_4P_EventScript_PlayerSpot3"
    }
  ],
  "bg_events": []
}
