{
  "id": "MAP_CERULEAN_CITY_HOUSE4",
  "name": "CeruleanCity_House4",
  "layout": "LAYOUT_HOUSE1",
  "music": "MUS_FUCHSIA",
  "region_map_section": "MAPSEC_CERULEAN_CITY",
  "requires_flash": false,
  "weather": "WEATHER_NONE",
  "map_type": "MAP_TYPE_INDOOR",
  "allow_cycling": false,
  "allow_escaping": false,
  "allow_running": false,
  "show_map_name": false,
  "floor_number": 0,
  "battle_scene": "MAP_BATTLE_SCENE_NORMAL",
  "connections": null,
  "object_events": [
    {
      "type": "object",
      "graphics_id": "OBJ_EVENT_GFX_OLD_MAN_1",
      "x": 5,
      "y": 3,
      "elevation": 3,
      "movement_type": "MOVEMENT_TYPE_FACE_UP",
      "movement_range_x": 1,
      "movement_range_y": 1,
      "trainer_type": "TRAINER_TYPE_NONE",
      "trainer_sight_or_berry_tree_id": "0",
      "script": "CeruleanCity_House4_EventScript_WonderNewsBerryMan",
      "flag": "0"
    }
  ],
  "warp_events": [
    {
      "x": 4,
      "y": 7,
      "elevation": 3,
      "dest_map": "MAP_CERULEAN_CITY",
      "dest_warp_id": "12"
    }
  ],
  "coord_events": [],
  "bg_events": []
}
