{
  "id": "MAP_VICTORY_ROAD_3F",
  "name": "VictoryRoad_3F",
  "layout": "LAYOUT_VICTORY_ROAD_3F",
  "music": "MUS_MT_MOON",
  "region_map_section": "MAPSEC_KANTO_VICTORY_ROAD",
  "requires_flash": false,
  "weather": "WEATHER_NONE",
  "map_type": "MAP_TYPE_UNDERGROUND",
  "allow_cycling": true,
  "allow_escaping": true,
  "allow_running": true,
  "show_map_name": true,
  "floor_number": 0,
  "battle_scene": "MAP_BATTLE_SCENE_NORMAL",
  "connections": null,
  "object_events": [
    {
      "type": "object",
      "graphics_id": "OBJ_EVENT_GFX_COOLTRAINER_M",
      "x": 40,
      "y": 7,
      "elevation": 3,
      "movement_type": "MOVEMENT_TYPE_FACE_LEFT",
      "movement_range_x": 1,
      "movement_range_y": 1,
      "trainer_type": "TRAINER_TYPE_NORMAL",
      "trainer_sight_or_berry_tree_id": "1",
      "script": "VictoryRoad_3F_EventScript_George",
      "flag": "0"
    },
    {
      "type": "object",
      "graphics_id": "OBJ_EVENT_GFX_COOLTRAINER_F",
      "x": 21,
      "y": 5,
      "elevation": 4,
      "movement_type": "MOVEMENT_TYPE_FACE_RIGHT",
      "movement_range_x": 1,
      "movement_range_y": 1,
      "trainer_type": "TRAINER_TYPE_NORMAL",
      "trainer_sight_or_berry_tree_id": "4",
      "script": "VictoryRoad_3F_EventScript_Alexa",
      "flag": "0"
    },
    {
      "type": "object",
      "graphics_id": "OBJ_EVENT_GFX_COOLTRAINER_M",
      "x": 10,
      "y": 17,
      "elevation": 3,
      "movement_type": "MOVEMENT_TYPE_FACE_LEFT",
      "movement_range_x": 1,
      "movement_range_y": 1,
      "trainer_type": "TRAINER_TYPE_NORMAL",
      "trainer_sight_or_berry_tree_id": "5",
      "script": "VictoryRoad_3F_EventScript_Colby",
      "flag": "0"
    },
    {
      "type": "object",
      "graphics_id": "OBJ_EVENT_GFX_COOLTRAINER_F",
      "x": 11,
      "y": 16,
      "elevation": 3,
      "movement_type": "MOVEMENT_TYPE_FACE_RIGHT",
      "movement_range_x": 1,
      "movement_range_y": 1,
      "trainer_type": "TRAINER_TYPE_NORMAL",
      "trainer_sight_or_berry_tree_id": "5",
      "script": "VictoryRoad_3F_EventScript_Caroline",
      "flag": "0"
    },
    {
      "type": "object",
      "graphics_id": "OBJ_EVENT_GFX_ITEM_BALL",
      "x": 38,
      "y": 7,
      "elevation": 3,
      "movement_type": "MOVEMENT_TYPE_FACE_DOWN",
      "movement_range_x": 1,
      "movement_range_y": 1,
      "trainer_type": "TRAINER_TYPE_NONE",
      "trainer_sight_or_berry_tree_id": "0",
      "script": "VictoryRoad_3F_EventScript_ItemMaxRevive",
      "flag": "FLAG_HIDE_VICTORY_ROAD_3F_MAX_REVIVE"
    },
    {
      "type": "object",
      "graphics_id": "OBJ_EVENT_GFX_ITEM_BALL",
      "x": 12,
      "y": 9,
      "elevation": 3,
      "movement_type": "MOVEMENT_TYPE_FACE_DOWN",
      "movement_range_x": 1,
      "movement_range_y": 1,
      "trainer_type": "TRAINER_TYPE_NONE",
      "trainer_sight_or_berry_tree_id": "0",
      "script": "VictoryRoad_3F_EventScript_ItemTM50",
      "flag": "FLAG_HIDE_VICTORY_ROAD_3F_TM50"
    },
    {
      "type": "object",
      "graphics_id": "OBJ_EVENT_GFX_PUSHABLE_BOULDER",
      "x": 19,
      "y": 15,
      "elevation": 3,
      "movement_type": "MOVEMENT_TYPE_FACE_DOWN",
      "movement_range_x": 0,
      "movement_range_y": 0,
      "trainer_type": "TRAINER_TYPE_NONE",
      "trainer_sight_or_berry_tree_id": "0",
      "script": "EventScript_StrengthBoulder",
      "flag": "0"
    },
    {
      "type": "object",
      "graphics_id": "OBJ_EVENT_GFX_PUSHABLE_BOULDER",
      "x": 33,
      "y": 18,
      "elevation": 0,
      "movement_type": "MOVEMENT_TYPE_FACE_DOWN",
      "movement_range_x": 0,
      "movement_range_y": 0,
      "trainer_type": "FLAG_HIDE_VICTORY_ROAD_2F_BOULDER",
      "trainer_sight_or_berry_tree_id": "0",
      "script": "EventScript_StrengthBoulder",
      "flag": "FLAG_HIDE_VICTORY_ROAD_3F_BOULDER"
    },
    {
      "type": "object",
      "graphics_id": "OBJ_EVENT_GFX_PUSHABLE_BOULDER",
      "x": 35,
      "y": 13,
      "elevation": 3,
      "movement_type": "MOVEMENT_TYPE_FACE_DOWN",
      "movement_range_x": 0,
      "movement_range_y": 0,
      "trainer_type": "TRAINER_TYPE_NONE",
      "trainer_sight_or_berry_tree_id": "0",
      "script": "EventScript_StrengthBoulder",
      "flag": "0"
    },
    {
      "type": "object",
      "graphics_id": "OBJ_EVENT_GFX_PUSHABLE_BOULDER",
      "x": 32,
      "y": 5,
      "elevation": 3,
      "movement_type": "MOVEMENT_TYPE_FACE_DOWN",
      "movement_range_x": 0,
      "movement_range_y": 0,
      "trainer_type": "TRAINER_TYPE_NONE",
      "trainer_sight_or_berry_tree_id": "0",
      "script": "EventScript_StrengthBoulder",
      "flag": "0"
    },
    {
      "type": "object",
      "graphics_id": "OBJ_EVENT_GFX_COOLTRAINER_M",
      "x": 38,
      "y": 13,
      "elevation": 3,
      "movement_type": "MOVEMENT_TYPE_FACE_DOWN",
      "movement_range_x": 1,
      "movement_range_y": 1,
      "trainer_type": "TRAINER_TYPE_NORMAL",
      "trainer_sight_or_berry_tree_id": "1",
      "script": "VictoryRoad_3F_EventScript_Ray",
      "flag": "0"
    },
    {
      "type": "object",
      "graphics_id": "OBJ_EVENT_GFX_COOLTRAINER_F",
      "x": 39,
      "y": 13,
      "elevation": 3,
      "movement_type": "MOVEMENT_TYPE_FACE_DOWN",
      "movement_range_x": 1,
      "movement_range_y": 1,
      "trainer_type": "TRAINER_TYPE_NORMAL",
      "trainer_sight_or_berry_tree_id": "1",
      "script": "VictoryRoad_3F_EventScript_Tyra",
      "flag": "0"
    }
  ],
  "warp_events": [
    {
      "x": 5,
      "y": 2,
      "elevation": 3,
      "dest_map": "MAP_VICTORY_ROAD_2F",
      "dest_warp_id": "1"
    },
    {
      "x": 34,
      "y": 9,
      "elevation": 3,
      "dest_map": "MAP_VICTORY_ROAD_2F",
      "dest_warp_id": "2"
    },
    {
      "x": 37,
      "y": 10,
      "elevation": 3,
      "dest_map": "MAP_VICTORY_ROAD_2F",
      "dest_warp_id": "3"
    },
    {
      "x": 39,
      "y": 17,
      "elevation": 3,
      "dest_map": "MAP_VICTORY_ROAD_2F",
      "dest_warp_id": "4"
    },
    {
      "x": 34,
      "y": 18,
      "elevation": 3,
      "dest_map": "MAP_VICTORY_ROAD_2F",
      "dest_warp_id": "8"
    }
  ],
  "coord_events": [
    {
      "type": "trigger",
      "x": 7,
      "y": 7,
      "elevation": 3,
      "var": "VAR_MAP_SCENE_VICTORY_ROAD_3F",
      "var_value": "99",
      "script": "VictoryRoad_3F_EventScript_FloorSwitch"
    }
  ],
  "bg_events": []
}
