{
  "id": "MAP_ROUTE25",
  "name": "Route25",
  "layout": "LAYOUT_ROUTE25",
  "music": "MUS_ROUTE24",
  "region_map_section": "MAPSEC_ROUTE_25",
  "requires_flash": false,
  "weather": "WEATHER_SUNNY",
  "map_type": "MAP_TYPE_ROUTE",
  "allow_cycling": true,
  "allow_escaping": false,
  "allow_running": true,
  "show_map_name": true,
  "floor_number": 0,
  "battle_scene": "MAP_BATTLE_SCENE_NORMAL",
  "connections": [
    {
      "map": "MAP_ROUTE24",
      "offset": 0,
      "direction": "left"
    }
  ],
  "object_events": [
    {
      "type": "object",
      "graphics_id": "OBJ_EVENT_GFX_HIKER",
      "x": 11,
      "y": 4,
      "elevation": 3,
      "movement_type": "MOVEMENT_TYPE_FACE_RIGHT",
      "movement_range_x": 1,
      "movement_range_y": 1,
      "trainer_type": "TRAINER_TYPE_NORMAL",
      "trainer_sight_or_berry_tree_id": "4",
      "script": "Route25_EventScript_Franklin",
      "flag": "0"
    },
    {
      "type": "object",
      "graphics_id": "OBJ_EVENT_GFX_YOUNGSTER",
      "x": 18,
      "y": 2,
      "elevation": 3,
      "movement_type": "MOVEMENT_TYPE_FACE_DOWN",
      "movement_range_x": 1,
      "movement_range_y": 1,
      "trainer_type": "TRAINER_TYPE_NORMAL",
      "trainer_sight_or_berry_tree_id": "2",
      "script": "Route25_EventScript_Joey",
      "flag": "0"
    },
    {
      "type": "object",
      "graphics_id": "OBJ_EVENT_GFX_HIKER",
      "x": 17,
      "y": 7,
      "elevation": 3,
      "movement_type": "MOVEMENT_TYPE_FACE_RIGHT",
      "movement_range_x": 1,
      "movement_range_y": 1,
      "trainer_type": "TRAINER_TYPE_NORMAL",
      "trainer_sight_or_berry_tree_id": "2",
      "script": "Route25_EventScript_Wayne",
      "flag": "0"
    },
    {
      "type": "object",
      "graphics_id": "OBJ_EVENT_GFX_YOUNGSTER",
      "x": 22,
      "y": 4,
      "elevation": 3,
      "movement_type": "MOVEMENT_TYPE_LOOK_AROUND",
      "movement_range_x": 1,
      "movement_range_y": 1,
      "trainer_type": "TRAINER_TYPE_NORMAL",
      "trainer_sight_or_berry_tree_id": "2",
      "script": "Route25_EventScript_Dan",
      "flag": "0"
    },
    {
      "type": "object",
      "graphics_id": "OBJ_EVENT_GFX_PICNICKER",
      "x": 22,
      "y": 8,
      "elevation": 3,
      "movement_type": "MOVEMENT_TYPE_FACE_RIGHT",
      "movement_range_x": 1,
      "movement_range_y": 1,
      "trainer_type": "TRAINER_TYPE_NORMAL",
      "trainer_sight_or_berry_tree_id": "2",
      "script": "Route25_EventScript_Kelsey",
      "flag": "0"
    },
    {
      "type": "object",
      "graphics_id": "OBJ_EVENT_GFX_HIKER",
      "x": 27,
      "y": 9,
      "elevation": 3,
      "movement_type": "MOVEMENT_TYPE_FACE_UP",
      "movement_range_x": 1,
      "movement_range_y": 1,
      "trainer_type": "TRAINER_TYPE_NORMAL",
      "trainer_sight_or_berry_tree_id": "3",
      "script": "Route25_EventScript_Nob",
      "flag": "0"
    },
    {
      "type": "object",
      "graphics_id": "OBJ_EVENT_GFX_CAMPER",
      "x": 28,
      "y": 4,
      "elevation": 3,
      "movement_type": "MOVEMENT_TYPE_FACE_DOWN",
      "movement_range_x": 1,
      "movement_range_y": 1,
      "trainer_type": "TRAINER_TYPE_NORMAL",
      "trainer_sight_or_berry_tree_id": "3",
      "script": "Route25_EventScript_Flint",
      "flag": "0"
    },
    {
      "type": "object",
      "graphics_id": "OBJ_EVENT_GFX_YOUNGSTER",
      "x": 36,
      "y": 4,
      "elevation": 3,
      "movement_type": "MOVEMENT_TYPE_WALK_DOWN_AND_UP",
      "movement_range_x": 1,
      "movement_range_y": 3,
      "trainer_type": "TRAINER_TYPE_NORMAL",
      "trainer_sight_or_berry_tree_id": "2",
      "script": "Route25_EventScript_Chad",
      "flag": "0"
    },
    {
      "type": "object",
      "graphics_id": "OBJ_EVENT_GFX_LASS",
      "x": 42,
      "y": 5,
      "elevation": 3,
      "movement_type": "MOVEMENT_TYPE_FACE_DOWN",
      "movement_range_x": 1,
      "movement_range_y": 1,
      "trainer_type": "TRAINER_TYPE_NORMAL",
      "trainer_sight_or_berry_tree_id": "3",
      "script": "Route25_EventScript_Haley",
      "flag": "0"
    },
    {
      "type": "object",
      "graphics_id": "OBJ_EVENT_GFX_ITEM_BALL",
      "x": 26,
      "y": 2,
      "elevation": 3,
      "movement_type": "MOVEMENT_TYPE_FACE_DOWN",
      "movement_range_x": 1,
      "movement_range_y": 1,
      "trainer_type": "TRAINER_TYPE_NONE",
      "trainer_sight_or_berry_tree_id": "0",
      "script": "Route25_EventScript_ItemTM43",
      "flag": "FLAG_HIDE_ROUTE25_TM43"
    },
    {
      "type": "object",
      "graphics_id": "OBJ_EVENT_GFX_CUT_TREE",
      "x": 30,
      "y": 3,
      "elevation": 3,
      "movement_type": "MOVEMENT_TYPE_LOOK_AROUND",
      "movement_range_x": 1,
      "movement_range_y": 1,
      "trainer_type": "TRAINER_TYPE_NONE",
      "trainer_sight_or_berry_tree_id": "0",
      "script": "EventScript_CutTree",
      "flag": "FLAG_TEMP_12"
    },
    {
      "type": "object",
      "graphics_id": "OBJ_EVENT_GFX_BEAUTY",
      "x": 49,
      "y": 10,
      "elevation": 3,
      "movement_type": "MOVEMENT_TYPE_FACE_LEFT",
      "movement_range_x": 1,
      "movement_range_y": 1,
      "trainer_type": "TRAINER_TYPE_NONE",
      "trainer_sight_or_berry_tree_id": "0",
      "script": "Route25_EventScript_Beauty",
      "flag": "0"
    },
    {
      "type": "object",
      "graphics_id": "OBJ_EVENT_GFX_MAN",
      "x": 49,
      "y": 11,
      "elevation": 3,
      "movement_type": "MOVEMENT_TYPE_FACE_LEFT",
      "movement_range_x": 1,
      "movement_range_y": 1,
      "trainer_type": "TRAINER_TYPE_NONE",
      "trainer_sight_or_berry_tree_id": "0",
      "script": "Route25_EventScript_Man",
      "flag": "0"
    }
  ],
  "warp_events": [
    {
      "x": 51,
      "y": 4,
      "elevation": 0,
      "dest_map": "MAP_ROUTE25_SEA_COTTAGE",
      "dest_warp_id": "1"
    }
  ],
  "coord_events": [

  ],
  "bg_events": [
    {
      "type": "sign",
      "x": 48,
      "y": 4,
      "elevation": 0,
      "player_facing_dir": "BG_EVENT_PLAYER_FACING_ANY",
      "script": "Route25_EventScript_SeaCottageSign"
    },
    {
      "type": "hidden_item",
      "x": 14,
      "y": 2,
      "elevation": 3,
      "item": "ITEM_ELIXIR",
      "flag": "FLAG_HIDDEN_ITEM_ROUTE25_ELIXIR",
      "quantity": 1,
      "underfoot": false
    },
    {
      "type": "hidden_item",
      "x": 58,
      "y": 6,
      "elevation": 3,
      "item": "ITEM_ETHER",
      "flag": "FLAG_HIDDEN_ITEM_ROUTE25_ETHER",
      "quantity": 1,
      "underfoot": false
    },
    {
      "type": "hidden_item",
      "x": 33,
      "y": 8,
      "elevation": 3,
      "item": "ITEM_ORAN_BERRY",
      "flag": "FLAG_HIDDEN_ITEM_ROUTE25_ORAN_BERRY",
      "quantity": 1,
      "underfoot": false
    },
    {
      "type": "hidden_item",
      "x": 40,
      "y": 3,
      "elevation": 3,
      "item": "ITEM_BLUK_BERRY",
      "flag": "FLAG_HIDDEN_ITEM_ROUTE25_BLUK_BERRY",
      "quantity": 1,
      "underfoot": false
    }
  ]
}
