{
  "id": "MAP_NAVEL_ROCK_EXTERIOR",
  "name": "NavelRock_Exterior",
  "layout": "LAYOUT_NAVEL_ROCK_EXTERIOR",
  "music": "MUS_SEVII_ROUTE",
  "region_map_section": "MAPSEC_NAVEL_ROCK",
  "requires_flash": false,
  "weather": "WEATHER_NONE",
  "map_type": "MAP_TYPE_ROUTE",
  "allow_cycling": true,
  "allow_escaping": false,
  "allow_running": true,
  "show_map_name": true,
  "floor_number": 0,
  "battle_scene": "MAP_BATTLE_SCENE_NORMAL",
  "connections": 0,
  "object_events": [

  ],
  "warp_events": [
    {
      "x": 9,
      "y": 8,
      "elevation": 3,
      "dest_map": "MAP_NAVEL_ROCK_1F",
      "dest_warp_id": "1"
    },
    {
      "x": 9,
      "y": 16,
      "elevation": 3,
      "dest_map": "MAP_NAVEL_ROCK_HARBOR",
      "dest_warp_id": "0"
    }
  ],
  "coord_events": [

  ],
  "bg_events": [

  ]
}
