{
  "id": "MAP_MT_MOON_1F",
  "name": "MtMoon_1F",
  "layout": "LAYOUT_MT_MOON_1F",
  "music": "MUS_MT_MOON",
  "region_map_section": "MAPSEC_MT_MOON",
  "requires_flash": false,
  "weather": "WEATHER_NONE",
  "map_type": "MAP_TYPE_UNDERGROUND",
  "allow_cycling": true,
  "allow_escaping": true,
  "allow_running": true,
  "show_map_name": true,
  "floor_number": 0,
  "battle_scene": "MAP_BATTLE_SCENE_NORMAL",
  "connections": null,
  "object_events": [
    {
      "type": "object",
      "graphics_id": "OBJ_EVENT_GFX_LASS",
      "x": 20,
      "y": 26,
      "elevation": 3,
      "movement_type": "MOVEMENT_TYPE_FACE_DOWN",
      "movement_range_x": 1,
      "movement_range_y": 1,
      "trainer_type": "TRAINER_TYPE_NORMAL",
      "trainer_sight_or_berry_tree_id": "2",
      "script": "MtMoon_1F_EventScript_Iris",
      "flag": "0"
    },
    {
      "type": "object",
      "graphics_id": "OBJ_EVENT_GFX_BUG_CATCHER",
      "x": 36,
      "y": 30,
      "elevation": 3,
      "movement_type": "MOVEMENT_TYPE_FACE_RIGHT",
      "movement_range_x": 1,
      "movement_range_y": 1,
      "trainer_type": "TRAINER_TYPE_NORMAL",
      "trainer_sight_or_berry_tree_id": "2",
      "script": "MtMoon_1F_EventScript_Robby",
      "flag": "0"
    },
    {
      "type": "object",
      "graphics_id": "OBJ_EVENT_GFX_SCIENTIST",
      "x": 30,
      "y": 35,
      "elevation": 3,
      "movement_type": "MOVEMENT_TYPE_LOOK_AROUND",
      "movement_range_x": 1,
      "movement_range_y": 1,
      "trainer_type": "TRAINER_TYPE_NORMAL",
      "trainer_sight_or_berry_tree_id": "4",
      "script": "MtMoon_1F_EventScript_Jovan",
      "flag": "0"
    },
    {
      "type": "object",
      "graphics_id": "OBJ_EVENT_GFX_LASS",
      "x": 33,
      "y": 4,
      "elevation": 3,
      "movement_type": "MOVEMENT_TYPE_WALK_SEQUENCE_LEFT_DOWN_RIGHT_UP",
      "movement_range_x": 5,
      "movement_range_y": 3,
      "trainer_type": "TRAINER_TYPE_NORMAL",
      "trainer_sight_or_berry_tree_id": "2",
      "script": "MtMoon_1F_EventScript_Miriam",
      "flag": "0"
    },
    {
      "type": "object",
      "graphics_id": "OBJ_EVENT_GFX_BUG_CATCHER",
      "x": 7,
      "y": 26,
      "elevation": 3,
      "movement_type": "MOVEMENT_TYPE_FACE_DOWN",
      "movement_range_x": 1,
      "movement_range_y": 1,
      "trainer_type": "TRAINER_TYPE_NORMAL",
      "trainer_sight_or_berry_tree_id": "4",
      "script": "MtMoon_1F_EventScript_Kent",
      "flag": "0"
    },
    {
      "type": "object",
      "graphics_id": "OBJ_EVENT_GFX_YOUNGSTER",
      "x": 13,
      "y": 17,
      "elevation": 3,
      "movement_type": "MOVEMENT_TYPE_FACE_RIGHT",
      "movement_range_x": 1,
      "movement_range_y": 1,
      "trainer_type": "TRAINER_TYPE_NORMAL",
      "trainer_sight_or_berry_tree_id": "4",
      "script": "MtMoon_1F_EventScript_Josh",
      "flag": "0"
    },
    {
      "type": "object",
      "graphics_id": "OBJ_EVENT_GFX_HIKER",
      "x": 7,
      "y": 10,
      "elevation": 3,
      "movement_type": "MOVEMENT_TYPE_WANDER_AROUND",
      "movement_range_x": 2,
      "movement_range_y": 2,
      "trainer_type": "TRAINER_TYPE_NORMAL",
      "trainer_sight_or_berry_tree_id": "1",
      "script": "MtMoon_1F_EventScript_Marcos",
      "flag": "0"
    },
    {
      "type": "object",
      "graphics_id": "OBJ_EVENT_GFX_ITEM_BALL",
      "x": 2,
      "y": 22,
      "elevation": 3,
      "movement_type": "MOVEMENT_TYPE_FACE_DOWN",
      "movement_range_x": 1,
      "movement_range_y": 1,
      "trainer_type": "TRAINER_TYPE_NONE",
      "trainer_sight_or_berry_tree_id": "0",
      "script": "MtMoon_1F_EventScript_ItemParalyzeHeal",
      "flag": "FLAG_HIDE_MT_MOON_1F_PARALYZE_HEAL"
    },
    {
      "type": "object",
      "graphics_id": "OBJ_EVENT_GFX_ITEM_BALL",
      "x": 11,
      "y": 35,
      "elevation": 3,
      "movement_type": "MOVEMENT_TYPE_FACE_DOWN",
      "movement_range_x": 1,
      "movement_range_y": 1,
      "trainer_type": "TRAINER_TYPE_NONE",
      "trainer_sight_or_berry_tree_id": "0",
      "script": "MtMoon_1F_EventScript_ItemTM09",
      "flag": "FLAG_HIDE_MT_MOON_1F_TM09"
    },
    {
      "type": "object",
      "graphics_id": "OBJ_EVENT_GFX_ITEM_BALL",
      "x": 26,
      "y": 32,
      "elevation": 3,
      "movement_type": "MOVEMENT_TYPE_FACE_DOWN",
      "movement_range_x": 1,
      "movement_range_y": 1,
      "trainer_type": "TRAINER_TYPE_NONE",
      "trainer_sight_or_berry_tree_id": "0",
      "script": "MtMoon_1F_EventScript_ItemPotion",
      "flag": "FLAG_HIDE_MT_MOON_1F_POTION"
    },
    {
      "type": "object",
      "graphics_id": "OBJ_EVENT_GFX_ITEM_BALL",
      "x": 42,
      "y": 35,
      "elevation": 3,
      "movement_type": "MOVEMENT_TYPE_FACE_DOWN",
      "movement_range_x": 1,
      "movement_range_y": 1,
      "trainer_type": "TRAINER_TYPE_NONE",
      "trainer_sight_or_berry_tree_id": "0",
      "script": "MtMoon_1F_EventScript_ItemRareCandy",
      "flag": "FLAG_HIDE_MT_MOON_1F_RARE_CANDY"
    },
    {
      "type": "object",
      "graphics_id": "OBJ_EVENT_GFX_ITEM_BALL",
      "x": 44,
      "y": 21,
      "elevation": 3,
      "movement_type": "MOVEMENT_TYPE_FACE_DOWN",
      "movement_range_x": 1,
      "movement_range_y": 1,
      "trainer_type": "TRAINER_TYPE_NONE",
      "trainer_sight_or_berry_tree_id": "0",
      "script": "MtMoon_1F_EventScript_ItemEscapeRope",
      "flag": "FLAG_HIDE_MT_MOON_1F_ESCAPE_ROPE"
    },
    {
      "type": "object",
      "graphics_id": "OBJ_EVENT_GFX_ITEM_BALL",
      "x": 3,
      "y": 2,
      "elevation": 3,
      "movement_type": "MOVEMENT_TYPE_FACE_DOWN",
      "movement_range_x": 1,
      "movement_range_y": 1,
      "trainer_type": "TRAINER_TYPE_NONE",
      "trainer_sight_or_berry_tree_id": "0",
      "script": "MtMoon_1F_EventScript_ItemMoonStone",
      "flag": "FLAG_HIDE_MT_MOON_1F_MOON_STONE"
    },
    {
      "type": "object",
      "graphics_id": "OBJ_EVENT_GFX_BALDING_MAN",
      "x": 42,
      "y": 7,
      "elevation": 3,
      "movement_type": "MOVEMENT_TYPE_FACE_DOWN_AND_LEFT",
      "movement_range_x": 1,
      "movement_range_y": 1,
      "trainer_type": "TRAINER_TYPE_NONE",
      "trainer_sight_or_berry_tree_id": "0",
      "script": "MtMoon_1F_EventScript_BaldingMan",
      "flag": "0"
    }
  ],
  "warp_events": [
    {
      "x": 5,
      "y": 6,
      "elevation": 3,
      "dest_map": "MAP_MT_MOON_B1F",
      "dest_warp_id": "0"
    },
    {
      "x": 19,
      "y": 14,
      "elevation": 3,
      "dest_map": "MAP_MT_MOON_B1F",
      "dest_warp_id": "1"
    },
    {
      "x": 31,
      "y": 16,
      "elevation": 3,
      "dest_map": "MAP_MT_MOON_B1F",
      "dest_warp_id": "2"
    },
    {
      "x": 18,
      "y": 37,
      "elevation": 3,
      "dest_map": "MAP_ROUTE4",
      "dest_warp_id": "0"
    }
  ],
  "coord_events": [],
  "bg_events": [
    {
      "type": "sign",
      "x": 19,
      "y": 26,
      "elevation": 0,
      "player_facing_dir": "BG_EVENT_PLAYER_FACING_ANY",
      "script": "MtMoon_1F_EventScript_ZubatSign"
    }
  ]
}
