{
  "id": "MAP_PALLET_TOWN_PLAYERS_HOUSE_2F",
  "name": "PalletTown_PlayersHouse_2F",
  "layout": "LAYOUT_PALLET_TOWN_PLAYERS_HOUSE_2F",
  "music": "MUS_SLOW_PALLET",
  "region_map_section": "MAPSEC_PALLET_TOWN",
  "requires_flash": false,
  "weather": "WEATHER_NONE",
  "map_type": "MAP_TYPE_INDOOR",
  "allow_cycling": false,
  "allow_escaping": false,
  "allow_running": false,
  "show_map_name": false,
  "floor_number": 0,
  "battle_scene": "MAP_BATTLE_SCENE_NORMAL",
  "connections": 0,
  "object_events": [

  ],
  "warp_events": [
    {
      "x": 10,
      "y": 2,
      "elevation": 3,
      "dest_map": "MAP_PALLET_TOWN_PLAYERS_HOUSE_1F",
      "dest_warp_id": "2"
    }
  ],
  "coord_events": [

  ],
  "bg_events": [
    {
      "type": "sign",
      "x": 6,
      "y": 5,
      "elevation": 3,
      "player_facing_dir": "BG_EVENT_PLAYER_FACING_ANY",
      "script": "PalletTown_PlayersHouse_2F_EventScript_NES"
    },
    {
      "type": "sign",
      "x": 1,
      "y": 1,
      "elevation": 0,
      "player_facing_dir": "BG_EVENT_PLAYER_FACING_ANY",
      "script": "PalletTown_PlayersHouse_2F_EventScript_PC"
    },
    {
      "type": "sign",
      "x": 11,
      "y": 1,
      "elevation": 0,
      "player_facing_dir": "BG_EVENT_PLAYER_FACING_ANY",
      "script": "PalletTown_PlayersHouse_2F_EventScript_Sign"
    }
  ]
}
