{
  "id": "MAP_ROUTE8",
  "name": "Route8",
  "layout": "LAYOUT_ROUTE8",
  "music": "MUS_ROUTE3",
  "region_map_section": "MAPSEC_ROUTE_8",
  "requires_flash": false,
  "weather": "WEATHER_SUNNY",
  "map_type": "MAP_TYPE_ROUTE",
  "allow_cycling": true,
  "allow_escaping": false,
  "allow_running": true,
  "show_map_name": true,
  "floor_number": 0,
  "battle_scene": "MAP_BATTLE_SCENE_NORMAL",
  "connections": [
    {
      "map": "MAP_SAFFRON_CITY_CONNECTION",
      "offset": -10,
      "direction": "left"
    },
    {
      "map": "MAP_LAVENDER_TOWN",
      "offset": 0,
      "direction": "right"
    }
  ],
  "object_events": [
    {
      "type": "object",
      "graphics_id": "OBJ_EVENT_GFX_LASS",
      "x": 62,
      "y": 14,
      "elevation": 3,
      "movement_type": "MOVEMENT_TYPE_FACE_LEFT",
      "movement_range_x": 1,
      "movement_range_y": 1,
      "trainer_type": "TRAINER_TYPE_NORMAL",
      "trainer_sight_or_berry_tree_id": "6",
      "script": "Route8_EventScript_Julia",
      "flag": "0"
    },
    {
      "type": "object",
      "graphics_id": "OBJ_EVENT_GFX_OLD_MAN_1",
      "x": 55,
      "y": 15,
      "elevation": 3,
      "movement_type": "MOVEMENT_TYPE_FACE_DOWN",
      "movement_range_x": 1,
      "movement_range_y": 1,
      "trainer_type": "TRAINER_TYPE_NORMAL",
      "trainer_sight_or_berry_tree_id": "3",
      "script": "Route8_EventScript_Rich",
      "flag": "0"
    },
    {
      "type": "object",
      "graphics_id": "OBJ_EVENT_GFX_SCIENTIST",
      "x": 51,
      "y": 6,
      "elevation": 3,
      "movement_type": "MOVEMENT_TYPE_LOOK_AROUND",
      "movement_range_x": 1,
      "movement_range_y": 1,
      "trainer_type": "TRAINER_TYPE_NORMAL",
      "trainer_sight_or_berry_tree_id": "4",
      "script": "Route8_EventScript_Glenn",
      "flag": "0"
    },
    {
      "type": "object",
      "graphics_id": "OBJ_EVENT_GFX_LASS",
      "x": 29,
      "y": 3,
      "elevation": 3,
      "movement_type": "MOVEMENT_TYPE_FACE_LEFT",
      "movement_range_x": 1,
      "movement_range_y": 1,
      "trainer_type": "TRAINER_TYPE_NORMAL",
      "trainer_sight_or_berry_tree_id": "3",
      "script": "Route8_EventScript_Paige",
      "flag": "0"
    },
    {
      "type": "object",
      "graphics_id": "OBJ_EVENT_GFX_SCIENTIST",
      "x": 29,
      "y": 4,
      "elevation": 3,
      "movement_type": "MOVEMENT_TYPE_FACE_RIGHT",
      "movement_range_x": 1,
      "movement_range_y": 1,
      "trainer_type": "TRAINER_TYPE_NORMAL",
      "trainer_sight_or_berry_tree_id": "6",
      "script": "Route8_EventScript_Leslie",
      "flag": "0"
    },
    {
      "type": "object",
      "graphics_id": "OBJ_EVENT_GFX_LASS",
      "x": 29,
      "y": 5,
      "elevation": 3,
      "movement_type": "MOVEMENT_TYPE_FACE_LEFT",
      "movement_range_x": 1,
      "movement_range_y": 1,
      "trainer_type": "TRAINER_TYPE_NORMAL",
      "trainer_sight_or_berry_tree_id": "3",
      "script": "Route8_EventScript_Andrea",
      "flag": "0"
    },
    {
      "type": "object",
      "graphics_id": "OBJ_EVENT_GFX_LASS",
      "x": 29,
      "y": 6,
      "elevation": 3,
      "movement_type": "MOVEMENT_TYPE_FACE_RIGHT",
      "movement_range_x": 1,
      "movement_range_y": 1,
      "trainer_type": "TRAINER_TYPE_NORMAL",
      "trainer_sight_or_berry_tree_id": "6",
      "script": "Route8_EventScript_Megan",
      "flag": "0"
    },
    {
      "type": "object",
      "graphics_id": "OBJ_EVENT_GFX_OLD_MAN_1",
      "x": 21,
      "y": 3,
      "elevation": 3,
      "movement_type": "MOVEMENT_TYPE_LOOK_AROUND",
      "movement_range_x": 1,
      "movement_range_y": 1,
      "trainer_type": "TRAINER_TYPE_NORMAL",
      "trainer_sight_or_berry_tree_id": "1",
      "script": "Route8_EventScript_Stan",
      "flag": "0"
    },
    {
      "type": "object",
      "graphics_id": "OBJ_EVENT_GFX_SCIENTIST",
      "x": 9,
      "y": 6,
      "elevation": 3,
      "movement_type": "MOVEMENT_TYPE_FACE_RIGHT",
      "movement_range_x": 1,
      "movement_range_y": 1,
      "trainer_type": "TRAINER_TYPE_NORMAL",
      "trainer_sight_or_berry_tree_id": "4",
      "script": "Route8_EventScript_Aidan",
      "flag": "0"
    },
    {
      "type": "object",
      "graphics_id": "OBJ_EVENT_GFX_CUT_TREE",
      "x": 33,
      "y": 15,
      "elevation": 3,
      "movement_type": "MOVEMENT_TYPE_FACE_DOWN",
      "movement_range_x": 1,
      "movement_range_y": 1,
      "trainer_type": "TRAINER_TYPE_NONE",
      "trainer_sight_or_berry_tree_id": "0",
      "script": "EventScript_CutTree",
      "flag": "FLAG_TEMP_12"
    },
    {
      "type": "object",
      "graphics_id": "OBJ_EVENT_GFX_CUT_TREE",
      "x": 47,
      "y": 12,
      "elevation": 3,
      "movement_type": "MOVEMENT_TYPE_FACE_DOWN",
      "movement_range_x": 1,
      "movement_range_y": 1,
      "trainer_type": "TRAINER_TYPE_NONE",
      "trainer_sight_or_berry_tree_id": "0",
      "script": "EventScript_CutTree",
      "flag": "FLAG_TEMP_13"
    },
    {
      "type": "object",
      "graphics_id": "OBJ_EVENT_GFX_LITTLE_GIRL",
      "x": 40,
      "y": 3,
      "elevation": 3,
      "movement_type": "MOVEMENT_TYPE_FACE_DOWN",
      "movement_range_x": 1,
      "movement_range_y": 1,
      "trainer_type": "TRAINER_TYPE_NORMAL",
      "trainer_sight_or_berry_tree_id": "1",
      "script": "Route8_EventScript_Eli",
      "flag": "0"
    },
    {
      "type": "object",
      "graphics_id": "OBJ_EVENT_GFX_LITTLE_GIRL",
      "x": 41,
      "y": 3,
      "elevation": 3,
      "movement_type": "MOVEMENT_TYPE_FACE_DOWN",
      "movement_range_x": 1,
      "movement_range_y": 1,
      "trainer_type": "TRAINER_TYPE_NORMAL",
      "trainer_sight_or_berry_tree_id": "1",
      "script": "Route8_EventScript_Anne",
      "flag": "0"
    },
    {
      "type": "object",
      "graphics_id": "OBJ_EVENT_GFX_BIKER",
      "x": 14,
      "y": 16,
      "elevation": 3,
      "movement_type": "MOVEMENT_TYPE_WALK_SEQUENCE_RIGHT_DOWN_LEFT_UP",
      "movement_range_x": 5,
      "movement_range_y": 2,
      "trainer_type": "TRAINER_TYPE_NORMAL",
      "trainer_sight_or_berry_tree_id": "1",
      "script": "Route8_EventScript_Ricardo",
      "flag": "0"
    },
    {
      "type": "object",
      "graphics_id": "OBJ_EVENT_GFX_BIKER",
      "x": 24,
      "y": 17,
      "elevation": 3,
      "movement_type": "MOVEMENT_TYPE_WALK_SEQUENCE_RIGHT_UP_DOWN_LEFT",
      "movement_range_x": 5,
      "movement_range_y": 5,
      "trainer_type": "TRAINER_TYPE_NORMAL",
      "trainer_sight_or_berry_tree_id": "1",
      "script": "Route8_EventScript_Jaren",
      "flag": "0"
    }
  ],
  "warp_events": [
    {
      "x": 13,
      "y": 4,
      "elevation": 0,
      "dest_map": "MAP_UNDERGROUND_PATH_EAST_ENTRANCE",
      "dest_warp_id": "1"
    },
    {
      "x": 7,
      "y": 10,
      "elevation": 3,
      "dest_map": "MAP_ROUTE8_WEST_ENTRANCE",
      "dest_warp_id": "2"
    }
  ],
  "coord_events": [],
  "bg_events": [
    {
      "type": "sign",
      "x": 16,
      "y": 5,
      "elevation": 0,
      "player_facing_dir": "BG_EVENT_PLAYER_FACING_ANY",
      "script": "Route8_EventScript_UndergroundPathSign"
    },
    {
      "type": "hidden_item",
      "x": 42,
      "y": 10,
      "elevation": 3,
      "item": "ITEM_RAWST_BERRY",
      "flag": "FLAG_HIDDEN_ITEM_ROUTE8_RAWST_BERRY",
      "quantity": 1,
      "underfoot": false
    },
    {
      "type": "hidden_item",
      "x": 38,
      "y": 11,
      "elevation": 3,
      "item": "ITEM_LUM_BERRY",
      "flag": "FLAG_HIDDEN_ITEM_ROUTE8_LUM_BERRY",
      "quantity": 1,
      "underfoot": false
    },
    {
      "type": "hidden_item",
      "x": 42,
      "y": 15,
      "elevation": 3,
      "item": "ITEM_LEPPA_BERRY",
      "flag": "FLAG_HIDDEN_ITEM_ROUTE8_LEPPA_BERRY",
      "quantity": 1,
      "underfoot": false
    }
  ]
}
